id,direction,name,owner,start,finish,fact,weight,regular,note
A-01,Земля и разрешения,Подбор земельного участка,Руководитель проекта,2026-07-01,2026-07-24,2026-07-22,3,0,
A-02,Земля и разрешения,Проверка градостроительных ограничений,Юрист,2026-07-25,2026-08-14,2026-08-12,3,0,
A-03,Земля и разрешения,Предварительное согласование с ведомством,Руководитель проекта,2026-08-15,2026-09-10,,5,0,Перенос с 05.09
A-04,Земля и разрешения,Пакет на изменение ВРИ,Юрист,2026-09-01,2026-09-25,,4,0,
A-05,Земля и разрешения,ТУ на электроснабжение,Главный инженер проекта,2026-08-20,2026-09-15,,5,0,Ответа нет
A-06,Земля и разрешения,ТУ на водоснабжение и стоки,Главный инженер проекта,2026-08-20,2026-09-30,,4,0,
B-01,Технология,Продуктовая линейка,Технолог,2026-07-01,2026-07-31,2026-07-29,4,0,
B-02,Технология,Материальный баланс,Технолог,2026-08-01,2026-08-28,2026-08-27,5,0,
B-03,Технология,Сравнение поставщиков линии,Руководитель проекта,2026-08-15,2026-09-19,,6,0,3 КП из 5
B-04,Технология,Аудит референс-площадки,Технолог,2026-09-20,2026-10-10,,4,0,
B-05,Технология,Спецификация оборудования,Главный инженер проекта,2026-09-15,2026-10-24,,5,0,
C-01,Проектирование,Технологическая схема,Главный инженер проекта,2026-08-01,2026-09-05,2026-09-03,4,0,
C-02,Проектирование,Генплан размещения,Главный инженер проекта,2026-09-06,2026-10-03,,4,0,
C-03,Проектирование,Задание на проектирование,Руководитель проекта,2026-09-10,2026-09-30,,3,0,
C-04,Проектирование,Отбор проектной организации,Руководитель проекта,2026-10-01,2026-10-31,,4,0,
D-01,Экономика,Оценка капитальных вложений,Финансовый аналитик,2026-08-01,2026-08-29,2026-08-28,5,0,
D-02,Экономика,Модель операционных затрат,Финансовый аналитик,2026-08-20,2026-09-12,2026-09-11,5,0,
D-03,Экономика,Финансовая модель,Финансовый аналитик,2026-09-01,2026-09-26,,7,0,
D-04,Экономика,Анализ чувствительности,Финансовый аналитик,2026-09-27,2026-10-17,,5,0,
D-05,Экономика,Пакет для банка,Руководитель проекта,2026-10-18,2026-11-21,,6,0,
E-01,Управление,Реестр рисков,Руководитель проекта,2026-07-15,2026-08-15,2026-08-14,3,0,
E-02,Управление,Регламент оперативной отчётности,Руководитель проекта,2026-09-01,2026-09-18,,2,0,
E-03,Управление,Еженедельная ВКС с собственниками,Руководитель проекта,2026-07-07,2026-12-25,,2,1,Регулярное
E-04,Управление,Подготовка инвестиционного комитета,Руководитель проекта,2026-11-01,2026-11-28,,4,0,
X-01,Экономика,Уточнение сметы по СМР,Финансовый аналитик,2026-09-05,,,3,0,Дата финиша не определена
X-02,Технология,Проверка сырьевой базы,Технолог,2026-09-01,31.09.2026,,3,0,Битый формат даты
X-03,Проектирование,Согласование схемы выдачи мощности,Главный инженер проекта,2026-09-20,2026-09-22,,2,0,Старт в будущем
